{
  "title":"6-854jf05-th.jpg",
  "description": "New image Upload",
  "file": "/courses/6-854j-advanced-algorithms-fall-2005/a620c54574865dc26bf703d87dd20620_6-854jf05-th.jpg",
  "learning_resource_types": [],
  "resource_type": "Image",
  "file_type": "image/jpeg",
  "image_metadata": {"caption":"The adaptive mesh refinement algorithm technique, shown above, is used to break complex computing problems into smaller pieces. (Image courtesy of [Ernest Orlando Lawrence Berkeley National Laboratory](http://www.lbl.gov/Science-Articles/Research-Review/Highlights/1998/v3/TOC.html).)","credit":"","image-alt":"Adaptive mesh refinement algorithm technique."}}
