{"04962b77-9dbf-0071-aa9b-ec9e192ff867":"/resources/scribe9/data.json","04e43244-9358-0cc1-7a35-74a2b6151c59":"/pages/syllabus/data.json","04f30474-cf93-26de-f6bf-71023d4af62c":"/resources/sol10/data.json","0a25a8f2-b9f6-724c-ebda-6917a3f50c97":"/resources/n32parallel/data.json","0bbd3845-482c-e83b-b4ef-0ac0fc3113d7":"/resources/sol6/data.json","0c836ede-bced-5147-2ea8-e24a982889db":"/pages/projects/data.json","1340dac2-e85a-5ce6-f444-9a4084673992":"/resources/ps2/data.json","13851ef2-7b7b-cf8c-bcf9-1862f0f53dec":"/resources/fibheaps/data.json","16fa8252-7ce4-7367-fa45-5728ba8785f2":"/resources/sol7/data.json","1d4c56ac-8369-9ffc-bfd2-cb46206027dc":"/resources/lec22_2003/data.json","1ef06de0-09ad-99da-f7c5-d8b1a1334b7d":"/resources/n2persistent/data.json","2001006a-9e57-cc48-b83c-91a4419eb02b":"/resources/ps4/data.json","214bdd43-f45b-43c4-79c4-4917911c9d8b":"/resources/sol2/data.json","2165d830-10dc-7633-bce3-97ea75f889f9":"/resources/lec05_1999/data.json","23b5966a-c19c-82dd-2be9-dafe2757dfc6":"/resources/n4_suffix/data.json","2458132f-3781-1a7c-2bb3-2e1f6007d97b":"/resources/ps7_new/data.json","245ead95-531d-d2e9-6c5c-3adad51dd148":"/resources/ps8/data.json","24f1412a-111e-1099-e9f4-0e93b833e9b3":"/resources/lec19_2003/data.json","27f3ffc5-26ca-6298-e147-2dee57f488b9":"/resources/n5_bucket/data.json","28c9b314-7956-f446-de35-8163e082fd34":"/pages/readings/data.json","2df100ea-ca38-1b66-70a7-ad3f1d1da90e":"/resources/n1_fibonacci/data.json","30f522ef-5132-3a86-b038-80cae083cb2b":"/resources/sol1/data.json","36ca77f0-0999-cc1e-28ff-6afc7648aaba":"/resources/tusharalec20/data.json","3e7162d7-3b13-ba63-a3d0-487986d7be85":"/resources/provine_scribe/data.json","40014ee2-c8d9-e3a8-a188-6622eb64569f":"/resources/ragnarok/data.json","42f14afd-294d-7e06-22cf-5387b5b00ffb":"/resources/ps10/data.json","4ba5a5bd-db17-5b10-42d5-0341d1a05a19":"/resources/ps6/data.json","4e08e994-4e48-6621-d4d8-49f177169771":"/resources/n0intro/data.json","51915278-8308-50b7-7b7f-00685299b31c":"/resources/n2_persistent/data.json","55853d12-3093-f882-1e15-30d5550dfd99":"/resources/rasmusweepline/data.json","5ba69d94-6379-1566-17a2-d3c48c3ef8be":"/resources/ps11/data.json","5cd3eeda-2c53-17ea-e0af-0df2d921121a":"/resources/lec13_2003/data.json","5d5d7b33-32cd-8a00-1a37-8c5d15c15b6d":"/resources/lec10_2003/data.json","61530e66-4ae5-7f85-f94c-8bb6f40a8d68":"/resources/blocking_flows2/data.json","62be6c22-9b6c-f063-b0ce-5c3e329e2192":"/resources/lec12_2003/data.json","64b7a30a-26df-0b29-1e48-0ea4055aa2a3":"/resources/provinescribe/data.json","65f241f2-9a8c-2bb2-44b1-7fcfb0bf4dce":"/resources/sol8/data.json","666d6c5b-9e1b-9282-0431-d6fba9933b9c":"/resources/lec06_2003/data.json","67c73f18-3add-39a1-8b86-47748e8321f1":"/resources/n10_mincostflow/data.json","69639578-2d41-85f0-bbc9-781d0ca36b93":"/resources/6-854jf05/data.json","69d0d136-a2c0-dc94-7f90-7dd1db40f7a3":"/resources/lec13_2001/data.json","6aece52d-849d-4a77-5df0-9ac3c199f835":"/resources/lec02_2003/data.json","6f0c3416-0e37-76c5-4c0f-7f0cd01fa621":"/resources/min_cost_flow/data.json","725f2e04-cada-aedb-a6e0-9d255b409d98":"/pages/assignments/data.json","778dce5a-de8b-5f0d-79d5-a5d79012df90":"/resources/n25_geometry/data.json","79ce219a-0304-041e-9228-499871075d66":"/resources/maxflowdff/data.json","801fa253-f5eb-de84-048e-e39c0b02cd11":"/pages/lecture-notes/data.json","826af1e5-af33-df5f-b75b-6e6d5b4c55a0":"/resources/n6hashing/data.json","83210f77-a13b-6c6e-b59b-4420eaeafe7a":"/resources/ps9/data.json","8346e77d-563c-80b0-ae71-4a21bc9a4541":"/resources/max_flow_dff/data.json","8401b611-0d1a-332b-673e-8f7712193f73":"/resources/scribe11/data.json","88360c5f-0328-87ea-2b11-cee2428893fb":"/resources/n22_fixedparam/data.json","905ba402-197e-76f9-71d5-9c7210e93b14":"/resources/tushara_lec20/data.json","912cf9c3-2c91-d4d0-4586-ef16c9c5c1cd":"/resources/lec01_2003/data.json","98ab0c51-6476-df5b-54c7-be303cf573fd":"/resources/lec14_2003/data.json","995a5533-162b-49bb-8813-7eb84b5f6bb4":"/resources/lec07_2003/data.json","99eac3e0-2c1e-1c31-7f20-ef3cad4f6a28":"/resources/dualitynotes/data.json","9c1a58d5-c2c4-8af0-2376-ad60dce77237":"/resources/sol12/data.json","a0f8c638-7d87-163e-a208-4cd3c3857f96":"/resources/suffix/data.json","a15d0c6e-e235-fefe-8110-15ee438db83e":"/resources/sol4/data.json","a620c545-7486-5dc2-6bf7-03d87dd20620":"/resources/6-854jf05-th/data.json","a70c2ace-62e4-1a9b-1d2b-a4c53deb6c6f":"/resources/lp1/data.json","a90c1b95-b198-7d01-ae9f-4fbeeeb91a27":"/resources/dzhangsplaytree/data.json","a9fb7940-75c9-11cc-fd15-f029bcb73afb":"/resources/n15_approx/data.json","ab185bc4-e0fd-f352-8424-f7e2cf290ccb":"/resources/n5bucket/data.json","ae8b9f1b-d1b0-3d3c-4a3c-a558f8fe1141":"/pages/calendar/data.json","b0e838a7-bc12-1b8a-fd86-080ce4341f63":"/resources/mincostflow/data.json","b312c6aa-208f-c322-bab7-654e55c0ab01":"/resources/lec14_1999/data.json","b3c79e80-1989-276b-3df9-06a44454b932":"/resources/sol3/data.json","b451372b-ba45-afe8-ea13-b7eb1bd57b06":"/resources/lec21_2003/data.json","b50550ce-9f02-7ae2-8b70-71c8ef5fcd54":"/resources/lec08_2003/data.json","b729dada-67ef-a6e5-4948-82599abe1025":"/resources/sol5/data.json","b83aca6e-e737-6bec-66dd-01d6e0bd5ccc":"/resources/lec20_2003/data.json","bb32a9eb-6f3f-00f8-acc3-fda9a9fd715d":"/resources/n7_flow/data.json","bf160d80-0c47-e98a-960f-5c7771906e26":"/resources/lec09_2003/data.json","c0907f93-7515-c1c6-ce95-775d6f3f4adb":"/resources/hashing/data.json","c120c38a-5dec-b83c-c2e5-bba395cf3c02":"/resources/blockingflows2/data.json","c122de88-45e3-5254-e42f-2e832be76dd5":"/resources/n28_external/data.json","c1c43cf0-b558-27e1-4603-2e98ea0c1d75":"/resources/lec11_2001/data.json","c4629413-fce0-c30c-ec02-05594864b672":"/resources/lec01_1999/data.json","cb60441c-4d55-0c83-cb60-64f2c6a0291d":"/resources/sidenko/data.json","cc98f0f1-6a14-54a3-37bf-b9a1f8f6136c":"/resources/lec18_2003/data.json","cd28dd25-676b-977c-19e3-e2391ed39821":"/resources/sol9/data.json","cfaa2099-f5ed-b14d-32d9-3998efd87fc1":"/resources/n3_splay/data.json","d8a8d8a9-1186-a724-e9d1-9875657288b8":"/resources/lecture14/data.json","d9706972-f8a4-e642-1b78-0b153974e8c3":"/resources/veb/data.json","d974aef9-8025-8f2a-7961-71e96717d646":"/resources/n11_lp/data.json","d9a0957a-f58d-0973-d764-736517bb219b":"/resources/s25/data.json","d9b584dc-ddaf-f0f1-08c8-404ac5ab5f18":"/resources/sol11/data.json","da212198-f79a-f34b-3bcf-29c9e48fd28f":"/resources/ps12/data.json","da856076-4d93-c9a6-9a23-3e1847352699":"/resources/rasmu_sweepline/data.json","dfa4e60d-4e98-6fbb-cf3b-1bb0b0dc7e27":"/resources/n23online/data.json","e70a64f9-1662-ddb6-bf7a-a27daf7164cd":"/resources/n0_intro/data.json","e800cd3f-9150-cc90-4a96-54e6473b0002":"/resources/ps5/data.json","e81b16d2-fe27-1ed6-86da-6d26614bf1dd":"/resources/lec15_2003/data.json","ed7269b2-1750-3aab-30e0-dce658d459dd":"/resources/dzhang_splaytree/data.json","ee789705-b0de-79f5-91e6-dcb98534d535":"/resources/algorithms_lec13/data.json","f0ea195b-0f11-08c7-cbe3-2c84a4fd6310":"/resources/ps3/data.json","f21250b5-4a4a-eab5-2a0e-765bf5af4b54":"/resources/n1fibonacci/data.json","f2678f0d-f822-1ca7-8afe-e26c872b7e8b":"/resources/ps1/data.json","f69da0f4-6969-e64d-2fed-9c0cdf614ec6":"/resources/lec11_2003/data.json","f990ad62-70a5-16d3-c65e-9a5f08ace250":"/resources/persistent/data.json","ff967306-df79-eaa4-e7e6-d43b3af0e12a":"/resources/n6_hashing/data.json"}